ElapsedTime(s)	20	EstimatedLatency(ms)	1.964	Trials	0
ElapsedTime(s)	33	EstimatedLatency(ms)	1.964	Trials	1
ElapsedTime(s)	42	EstimatedLatency(ms)	1.964	Trials	1
ElapsedTime(s)	72	EstimatedLatency(ms)	1.930	Trials	65
ElapsedTime(s)	96	EstimatedLatency(ms)	1.921	Trials	129
ElapsedTime(s)	127	EstimatedLatency(ms)	1.908	Trials	193
ElapsedTime(s)	156	EstimatedLatency(ms)	1.885	Trials	257
ElapsedTime(s)	180	EstimatedLatency(ms)	1.867	Trials	321
ElapsedTime(s)	210	EstimatedLatency(ms)	1.856	Trials	385
ElapsedTime(s)	236	EstimatedLatency(ms)	1.838	Trials	449
ElapsedTime(s)	269	EstimatedLatency(ms)	1.810	Trials	513
ElapsedTime(s)	295	EstimatedLatency(ms)	1.784	Trials	577
ElapsedTime(s)	324	EstimatedLatency(ms)	1.758	Trials	641
ElapsedTime(s)	349	EstimatedLatency(ms)	1.749	Trials	705
ElapsedTime(s)	376	EstimatedLatency(ms)	1.732	Trials	769
ElapsedTime(s)	404	EstimatedLatency(ms)	1.722	Trials	833
ElapsedTime(s)	440	EstimatedLatency(ms)	1.705	Trials	897
ElapsedTime(s)	465	EstimatedLatency(ms)	1.691	Trials	961
ElapsedTime(s)	490	EstimatedLatency(ms)	1.679	Trials	1025
ElapsedTime(s)	519	EstimatedLatency(ms)	1.670	Trials	1089
ElapsedTime(s)	544	EstimatedLatency(ms)	1.663	Trials	1153
ElapsedTime(s)	576	EstimatedLatency(ms)	1.638	Trials	1217
ElapsedTime(s)	606	EstimatedLatency(ms)	1.632	Trials	1281
ElapsedTime(s)	631	EstimatedLatency(ms)	1.631	Trials	1345
ElapsedTime(s)	660	EstimatedLatency(ms)	1.623	Trials	1409
ElapsedTime(s)	692	EstimatedLatency(ms)	1.616	Trials	1473
ElapsedTime(s)	716	EstimatedLatency(ms)	1.612	Trials	1537
ElapsedTime(s)	743	EstimatedLatency(ms)	1.602	Trials	1601
ElapsedTime(s)	769	EstimatedLatency(ms)	1.596	Trials	1665
ElapsedTime(s)	799	EstimatedLatency(ms)	1.590	Trials	1729
ElapsedTime(s)	830	EstimatedLatency(ms)	1.575	Trials	1793
ElapsedTime(s)	857	EstimatedLatency(ms)	1.571	Trials	1857
ElapsedTime(s)	889	EstimatedLatency(ms)	1.558	Trials	1921
ElapsedTime(s)	921	EstimatedLatency(ms)	1.552	Trials	1985
ElapsedTime(s)	952	EstimatedLatency(ms)	1.549	Trials	2049
ElapsedTime(s)	981	EstimatedLatency(ms)	1.547	Trials	2113
ElapsedTime(s)	1008	EstimatedLatency(ms)	1.541	Trials	2177
ElapsedTime(s)	1035	EstimatedLatency(ms)	1.537	Trials	2241
ElapsedTime(s)	1061	EstimatedLatency(ms)	1.534	Trials	2305
ElapsedTime(s)	1093	EstimatedLatency(ms)	1.529	Trials	2369
ElapsedTime(s)	1118	EstimatedLatency(ms)	1.526	Trials	2433
ElapsedTime(s)	1146	EstimatedLatency(ms)	1.526	Trials	2497
ElapsedTime(s)	1173	EstimatedLatency(ms)	1.526	Trials	2561
ElapsedTime(s)	1204	EstimatedLatency(ms)	1.525	Trials	2625
ElapsedTime(s)	1230	EstimatedLatency(ms)	1.521	Trials	2689
ElapsedTime(s)	1261	EstimatedLatency(ms)	1.521	Trials	2753
ElapsedTime(s)	1292	EstimatedLatency(ms)	1.518	Trials	2817
ElapsedTime(s)	1319	EstimatedLatency(ms)	1.516	Trials	2881
ElapsedTime(s)	1346	EstimatedLatency(ms)	1.516	Trials	2945
ElapsedTime(s)	1375	EstimatedLatency(ms)	1.516	Trials	3009
ElapsedTime(s)	1401	EstimatedLatency(ms)	1.512	Trials	3073
ElapsedTime(s)	1435	EstimatedLatency(ms)	1.512	Trials	3137
ElapsedTime(s)	1460	EstimatedLatency(ms)	1.511	Trials	3201
ElapsedTime(s)	1486	EstimatedLatency(ms)	1.508	Trials	3265
ElapsedTime(s)	1520	EstimatedLatency(ms)	1.504	Trials	3329
ElapsedTime(s)	1548	EstimatedLatency(ms)	1.504	Trials	3393
ElapsedTime(s)	1581	EstimatedLatency(ms)	1.498	Trials	3457
ElapsedTime(s)	1607	EstimatedLatency(ms)	1.495	Trials	3521
ElapsedTime(s)	1636	EstimatedLatency(ms)	1.495	Trials	3585
ElapsedTime(s)	1664	EstimatedLatency(ms)	1.490	Trials	3649
ElapsedTime(s)	1692	EstimatedLatency(ms)	1.490	Trials	3713
ElapsedTime(s)	1720	EstimatedLatency(ms)	1.490	Trials	3777
ElapsedTime(s)	1754	EstimatedLatency(ms)	1.489	Trials	3841
ElapsedTime(s)	1784	EstimatedLatency(ms)	1.487	Trials	3905
ElapsedTime(s)	1811	EstimatedLatency(ms)	1.487	Trials	3969
ElapsedTime(s)	1842	EstimatedLatency(ms)	1.480	Trials	4033
ElapsedTime(s)	1877	EstimatedLatency(ms)	1.480	Trials	4097
ElapsedTime(s)	1906	EstimatedLatency(ms)	1.477	Trials	4161
ElapsedTime(s)	1937	EstimatedLatency(ms)	1.476	Trials	4225
ElapsedTime(s)	1974	EstimatedLatency(ms)	1.475	Trials	4289
ElapsedTime(s)	2010	EstimatedLatency(ms)	1.474	Trials	4353
ElapsedTime(s)	2045	EstimatedLatency(ms)	1.471	Trials	4417
ElapsedTime(s)	2076	EstimatedLatency(ms)	1.469	Trials	4481
ElapsedTime(s)	2108	EstimatedLatency(ms)	1.468	Trials	4545
ElapsedTime(s)	2136	EstimatedLatency(ms)	1.465	Trials	4609
ElapsedTime(s)	2168	EstimatedLatency(ms)	1.465	Trials	4673
ElapsedTime(s)	2203	EstimatedLatency(ms)	1.462	Trials	4737
ElapsedTime(s)	2237	EstimatedLatency(ms)	1.462	Trials	4801
ElapsedTime(s)	2266	EstimatedLatency(ms)	1.460	Trials	4865
ElapsedTime(s)	2303	EstimatedLatency(ms)	1.458	Trials	4929
ElapsedTime(s)	2335	EstimatedLatency(ms)	1.456	Trials	4993
ElapsedTime(s)	2367	EstimatedLatency(ms)	1.453	Trials	5057
ElapsedTime(s)	2400	EstimatedLatency(ms)	1.451	Trials	5121
ElapsedTime(s)	2433	EstimatedLatency(ms)	1.451	Trials	5185
ElapsedTime(s)	2462	EstimatedLatency(ms)	1.451	Trials	5249
ElapsedTime(s)	2493	EstimatedLatency(ms)	1.451	Trials	5313
ElapsedTime(s)	2525	EstimatedLatency(ms)	1.448	Trials	5377
ElapsedTime(s)	2554	EstimatedLatency(ms)	1.446	Trials	5441
ElapsedTime(s)	2589	EstimatedLatency(ms)	1.445	Trials	5505
ElapsedTime(s)	2621	EstimatedLatency(ms)	1.445	Trials	5569
ElapsedTime(s)	2654	EstimatedLatency(ms)	1.445	Trials	5633
ElapsedTime(s)	2686	EstimatedLatency(ms)	1.444	Trials	5697
ElapsedTime(s)	2724	EstimatedLatency(ms)	1.444	Trials	5761
ElapsedTime(s)	2757	EstimatedLatency(ms)	1.444	Trials	5825
ElapsedTime(s)	2787	EstimatedLatency(ms)	1.444	Trials	5889
ElapsedTime(s)	2824	EstimatedLatency(ms)	1.444	Trials	5953
ElapsedTime(s)	2855	EstimatedLatency(ms)	1.443	Trials	6017
ElapsedTime(s)	2889	EstimatedLatency(ms)	1.443	Trials	6081
ElapsedTime(s)	2922	EstimatedLatency(ms)	1.441	Trials	6145
ElapsedTime(s)	2958	EstimatedLatency(ms)	1.440	Trials	6209
ElapsedTime(s)	2987	EstimatedLatency(ms)	1.439	Trials	6273
ElapsedTime(s)	3027	EstimatedLatency(ms)	1.439	Trials	6337
ElapsedTime(s)	3064	EstimatedLatency(ms)	1.437	Trials	6401
ElapsedTime(s)	3093	EstimatedLatency(ms)	1.433	Trials	6465
ElapsedTime(s)	3124	EstimatedLatency(ms)	1.433	Trials	6529
ElapsedTime(s)	3157	EstimatedLatency(ms)	1.433	Trials	6593
ElapsedTime(s)	3196	EstimatedLatency(ms)	1.433	Trials	6657
ElapsedTime(s)	3229	EstimatedLatency(ms)	1.431	Trials	6721
ElapsedTime(s)	3259	EstimatedLatency(ms)	1.430	Trials	6785
ElapsedTime(s)	3290	EstimatedLatency(ms)	1.429	Trials	6849
ElapsedTime(s)	3321	EstimatedLatency(ms)	1.428	Trials	6913
ElapsedTime(s)	3356	EstimatedLatency(ms)	1.424	Trials	6977
ElapsedTime(s)	3395	EstimatedLatency(ms)	1.423	Trials	7041
ElapsedTime(s)	3428	EstimatedLatency(ms)	1.423	Trials	7105
ElapsedTime(s)	3460	EstimatedLatency(ms)	1.422	Trials	7169
ElapsedTime(s)	3495	EstimatedLatency(ms)	1.422	Trials	7233
ElapsedTime(s)	3528	EstimatedLatency(ms)	1.422	Trials	7297
ElapsedTime(s)	3560	EstimatedLatency(ms)	1.422	Trials	7361
ElapsedTime(s)	3591	EstimatedLatency(ms)	1.422	Trials	7425
ElapsedTime(s)	3627	EstimatedLatency(ms)	1.422	Trials	7489
ElapsedTime(s)	3660	EstimatedLatency(ms)	1.422	Trials	7553
ElapsedTime(s)	3694	EstimatedLatency(ms)	1.421	Trials	7617
ElapsedTime(s)	3732	EstimatedLatency(ms)	1.415	Trials	7681
ElapsedTime(s)	3769	EstimatedLatency(ms)	1.415	Trials	7745
ElapsedTime(s)	3798	EstimatedLatency(ms)	1.415	Trials	7809
ElapsedTime(s)	3838	EstimatedLatency(ms)	1.415	Trials	7873
ElapsedTime(s)	3873	EstimatedLatency(ms)	1.415	Trials	7937
ElapsedTime(s)	3908	EstimatedLatency(ms)	1.415	Trials	8001
ElapsedTime(s)	3942	EstimatedLatency(ms)	1.414	Trials	8065
ElapsedTime(s)	3989	EstimatedLatency(ms)	1.413	Trials	8129
ElapsedTime(s)	4026	EstimatedLatency(ms)	1.413	Trials	8193
ElapsedTime(s)	4066	EstimatedLatency(ms)	1.413	Trials	8257
ElapsedTime(s)	4102	EstimatedLatency(ms)	1.413	Trials	8321
ElapsedTime(s)	4139	EstimatedLatency(ms)	1.413	Trials	8385
ElapsedTime(s)	4172	EstimatedLatency(ms)	1.412	Trials	8449
ElapsedTime(s)	4208	EstimatedLatency(ms)	1.411	Trials	8513
ElapsedTime(s)	4249	EstimatedLatency(ms)	1.411	Trials	8577
ElapsedTime(s)	4286	EstimatedLatency(ms)	1.411	Trials	8641
ElapsedTime(s)	4326	EstimatedLatency(ms)	1.410	Trials	8705
ElapsedTime(s)	4362	EstimatedLatency(ms)	1.409	Trials	8769
ElapsedTime(s)	4397	EstimatedLatency(ms)	1.409	Trials	8833
ElapsedTime(s)	4435	EstimatedLatency(ms)	1.408	Trials	8897
ElapsedTime(s)	4473	EstimatedLatency(ms)	1.406	Trials	8961
ElapsedTime(s)	4509	EstimatedLatency(ms)	1.406	Trials	9025
ElapsedTime(s)	4550	EstimatedLatency(ms)	1.406	Trials	9089
ElapsedTime(s)	4591	EstimatedLatency(ms)	1.406	Trials	9153
ElapsedTime(s)	4628	EstimatedLatency(ms)	1.405	Trials	9217
ElapsedTime(s)	4667	EstimatedLatency(ms)	1.405	Trials	9281
ElapsedTime(s)	4709	EstimatedLatency(ms)	1.404	Trials	9345
ElapsedTime(s)	4753	EstimatedLatency(ms)	1.403	Trials	9409
ElapsedTime(s)	4795	EstimatedLatency(ms)	1.403	Trials	9473
ElapsedTime(s)	4833	EstimatedLatency(ms)	1.403	Trials	9537
ElapsedTime(s)	4870	EstimatedLatency(ms)	1.403	Trials	9601
ElapsedTime(s)	4905	EstimatedLatency(ms)	1.403	Trials	9665
ElapsedTime(s)	4944	EstimatedLatency(ms)	1.403	Trials	9729
ElapsedTime(s)	4988	EstimatedLatency(ms)	1.397	Trials	9793
ElapsedTime(s)	5031	EstimatedLatency(ms)	1.397	Trials	9857
ElapsedTime(s)	5071	EstimatedLatency(ms)	1.397	Trials	9921
ElapsedTime(s)	5110	EstimatedLatency(ms)	1.397	Trials	9985
ElapsedTime(s)	5147	EstimatedLatency(ms)	1.397	Trials	10049
ElapsedTime(s)	5189	EstimatedLatency(ms)	1.396	Trials	10113
ElapsedTime(s)	5227	EstimatedLatency(ms)	1.396	Trials	10177
ElapsedTime(s)	5268	EstimatedLatency(ms)	1.396	Trials	10241
ElapsedTime(s)	5320	EstimatedLatency(ms)	1.396	Trials	10305
ElapsedTime(s)	5362	EstimatedLatency(ms)	1.396	Trials	10369
ElapsedTime(s)	5399	EstimatedLatency(ms)	1.396	Trials	10433
ElapsedTime(s)	5452	EstimatedLatency(ms)	1.396	Trials	10497
ElapsedTime(s)	5498	EstimatedLatency(ms)	1.396	Trials	10561
ElapsedTime(s)	5540	EstimatedLatency(ms)	1.396	Trials	10625
ElapsedTime(s)	5584	EstimatedLatency(ms)	1.395	Trials	10689
ElapsedTime(s)	5624	EstimatedLatency(ms)	1.394	Trials	10753
ElapsedTime(s)	5665	EstimatedLatency(ms)	1.394	Trials	10817
ElapsedTime(s)	5705	EstimatedLatency(ms)	1.393	Trials	10881
ElapsedTime(s)	5746	EstimatedLatency(ms)	1.393	Trials	10945
ElapsedTime(s)	5789	EstimatedLatency(ms)	1.392	Trials	11009
ElapsedTime(s)	5830	EstimatedLatency(ms)	1.392	Trials	11073
ElapsedTime(s)	5872	EstimatedLatency(ms)	1.391	Trials	11137
ElapsedTime(s)	5914	EstimatedLatency(ms)	1.391	Trials	11201
ElapsedTime(s)	5954	EstimatedLatency(ms)	1.391	Trials	11265
ElapsedTime(s)	6001	EstimatedLatency(ms)	1.391	Trials	11329
ElapsedTime(s)	6048	EstimatedLatency(ms)	1.390	Trials	11393
ElapsedTime(s)	6093	EstimatedLatency(ms)	1.390	Trials	11457
ElapsedTime(s)	6132	EstimatedLatency(ms)	1.390	Trials	11521
ElapsedTime(s)	6172	EstimatedLatency(ms)	1.389	Trials	11585
ElapsedTime(s)	6215	EstimatedLatency(ms)	1.389	Trials	11649
ElapsedTime(s)	6257	EstimatedLatency(ms)	1.389	Trials	11713
ElapsedTime(s)	6300	EstimatedLatency(ms)	1.389	Trials	11777
ElapsedTime(s)	6343	EstimatedLatency(ms)	1.389	Trials	11841
ElapsedTime(s)	6389	EstimatedLatency(ms)	1.389	Trials	11905
ElapsedTime(s)	6427	EstimatedLatency(ms)	1.389	Trials	11969
ElapsedTime(s)	6471	EstimatedLatency(ms)	1.389	Trials	12033
ElapsedTime(s)	6515	EstimatedLatency(ms)	1.389	Trials	12097
ElapsedTime(s)	6554	EstimatedLatency(ms)	1.389	Trials	12161
ElapsedTime(s)	6597	EstimatedLatency(ms)	1.388	Trials	12225
ElapsedTime(s)	6645	EstimatedLatency(ms)	1.388	Trials	12289
ElapsedTime(s)	6690	EstimatedLatency(ms)	1.388	Trials	12353
ElapsedTime(s)	6730	EstimatedLatency(ms)	1.388	Trials	12417
ElapsedTime(s)	6777	EstimatedLatency(ms)	1.388	Trials	12481
ElapsedTime(s)	6826	EstimatedLatency(ms)	1.388	Trials	12545
ElapsedTime(s)	6873	EstimatedLatency(ms)	1.388	Trials	12609
ElapsedTime(s)	6914	EstimatedLatency(ms)	1.388	Trials	12673
ElapsedTime(s)	6959	EstimatedLatency(ms)	1.388	Trials	12737
ElapsedTime(s)	7007	EstimatedLatency(ms)	1.386	Trials	12801
ElapsedTime(s)	7056	EstimatedLatency(ms)	1.386	Trials	12865
ElapsedTime(s)	7095	EstimatedLatency(ms)	1.385	Trials	12929
ElapsedTime(s)	7148	EstimatedLatency(ms)	1.384	Trials	12993
ElapsedTime(s)	7189	EstimatedLatency(ms)	1.383	Trials	13057
ElapsedTime(s)	7240	EstimatedLatency(ms)	1.383	Trials	13121
ElapsedTime(s)	7291	EstimatedLatency(ms)	1.383	Trials	13185
ElapsedTime(s)	7337	EstimatedLatency(ms)	1.383	Trials	13249
ElapsedTime(s)	7386	EstimatedLatency(ms)	1.381	Trials	13313
ElapsedTime(s)	7429	EstimatedLatency(ms)	1.381	Trials	13377
ElapsedTime(s)	7476	EstimatedLatency(ms)	1.381	Trials	13441
ElapsedTime(s)	7524	EstimatedLatency(ms)	1.381	Trials	13505
ElapsedTime(s)	7572	EstimatedLatency(ms)	1.380	Trials	13569
ElapsedTime(s)	7615	EstimatedLatency(ms)	1.379	Trials	13633
ElapsedTime(s)	7661	EstimatedLatency(ms)	1.378	Trials	13697
ElapsedTime(s)	7708	EstimatedLatency(ms)	1.378	Trials	13761
ElapsedTime(s)	7758	EstimatedLatency(ms)	1.378	Trials	13825
ElapsedTime(s)	7803	EstimatedLatency(ms)	1.378	Trials	13889
ElapsedTime(s)	7862	EstimatedLatency(ms)	1.378	Trials	13953
ElapsedTime(s)	7909	EstimatedLatency(ms)	1.378	Trials	14017
ElapsedTime(s)	7957	EstimatedLatency(ms)	1.378	Trials	14081
ElapsedTime(s)	8003	EstimatedLatency(ms)	1.378	Trials	14145
ElapsedTime(s)	8051	EstimatedLatency(ms)	1.378	Trials	14209
ElapsedTime(s)	8098	EstimatedLatency(ms)	1.378	Trials	14273
ElapsedTime(s)	8149	EstimatedLatency(ms)	1.378	Trials	14337
ElapsedTime(s)	8198	EstimatedLatency(ms)	1.378	Trials	14401
ElapsedTime(s)	8245	EstimatedLatency(ms)	1.375	Trials	14465
ElapsedTime(s)	8290	EstimatedLatency(ms)	1.375	Trials	14529
ElapsedTime(s)	8341	EstimatedLatency(ms)	1.374	Trials	14593
ElapsedTime(s)	8389	EstimatedLatency(ms)	1.374	Trials	14657
ElapsedTime(s)	8435	EstimatedLatency(ms)	1.374	Trials	14721
ElapsedTime(s)	8480	EstimatedLatency(ms)	1.374	Trials	14785
ElapsedTime(s)	8530	EstimatedLatency(ms)	1.374	Trials	14849
ElapsedTime(s)	8582	EstimatedLatency(ms)	1.374	Trials	14913
ElapsedTime(s)	8628	EstimatedLatency(ms)	1.374	Trials	14977
ElapsedTime(s)	8679	EstimatedLatency(ms)	1.374	Trials	15041
ElapsedTime(s)	8733	EstimatedLatency(ms)	1.374	Trials	15105
ElapsedTime(s)	8786	EstimatedLatency(ms)	1.374	Trials	15169
ElapsedTime(s)	8840	EstimatedLatency(ms)	1.374	Trials	15233
ElapsedTime(s)	8887	EstimatedLatency(ms)	1.374	Trials	15297
ElapsedTime(s)	8940	EstimatedLatency(ms)	1.373	Trials	15361
ElapsedTime(s)	8990	EstimatedLatency(ms)	1.373	Trials	15425
ElapsedTime(s)	9044	EstimatedLatency(ms)	1.373	Trials	15489
ElapsedTime(s)	9098	EstimatedLatency(ms)	1.373	Trials	15553
ElapsedTime(s)	9143	EstimatedLatency(ms)	1.373	Trials	15617
ElapsedTime(s)	9194	EstimatedLatency(ms)	1.373	Trials	15681
ElapsedTime(s)	9253	EstimatedLatency(ms)	1.373	Trials	15745
ElapsedTime(s)	9307	EstimatedLatency(ms)	1.373	Trials	15809
ElapsedTime(s)	9350	EstimatedLatency(ms)	1.373	Trials	15873
ElapsedTime(s)	9406	EstimatedLatency(ms)	1.373	Trials	15937
ElapsedTime(s)	9457	EstimatedLatency(ms)	1.372	Trials	16001
ElapsedTime(s)	9510	EstimatedLatency(ms)	1.370	Trials	16065
ElapsedTime(s)	9562	EstimatedLatency(ms)	1.370	Trials	16129
ElapsedTime(s)	9617	EstimatedLatency(ms)	1.370	Trials	16193
ElapsedTime(s)	9673	EstimatedLatency(ms)	1.370	Trials	16257
ElapsedTime(s)	9730	EstimatedLatency(ms)	1.370	Trials	16321
ElapsedTime(s)	9781	EstimatedLatency(ms)	1.370	Trials	16385
ElapsedTime(s)	9840	EstimatedLatency(ms)	1.370	Trials	16449
ElapsedTime(s)	9896	EstimatedLatency(ms)	1.370	Trials	16513
ElapsedTime(s)	9939	EstimatedLatency(ms)	1.370	Trials	16577
ElapsedTime(s)	9990	EstimatedLatency(ms)	1.370	Trials	16641
ElapsedTime(s)	10033	EstimatedLatency(ms)	1.370	Trials	16705
ElapsedTime(s)	10081	EstimatedLatency(ms)	1.370	Trials	16769
ElapsedTime(s)	10134	EstimatedLatency(ms)	1.367	Trials	16833
ElapsedTime(s)	10187	EstimatedLatency(ms)	1.367	Trials	16897
ElapsedTime(s)	10239	EstimatedLatency(ms)	1.367	Trials	16961
ElapsedTime(s)	10297	EstimatedLatency(ms)	1.367	Trials	17025
ElapsedTime(s)	10348	EstimatedLatency(ms)	1.367	Trials	17089
ElapsedTime(s)	10408	EstimatedLatency(ms)	1.367	Trials	17153
ElapsedTime(s)	10462	EstimatedLatency(ms)	1.367	Trials	17217
ElapsedTime(s)	10514	EstimatedLatency(ms)	1.367	Trials	17281
ElapsedTime(s)	10580	EstimatedLatency(ms)	1.367	Trials	17345
ElapsedTime(s)	10641	EstimatedLatency(ms)	1.367	Trials	17409
ElapsedTime(s)	10697	EstimatedLatency(ms)	1.367	Trials	17473
ElapsedTime(s)	10750	EstimatedLatency(ms)	1.367	Trials	17537
ElapsedTime(s)	10798	EstimatedLatency(ms)	1.367	Trials	17601
ElapsedTime(s)	10852	EstimatedLatency(ms)	1.367	Trials	17665
ElapsedTime(s)	10902	EstimatedLatency(ms)	1.367	Trials	17729
ElapsedTime(s)	10959	EstimatedLatency(ms)	1.367	Trials	17793
ElapsedTime(s)	11014	EstimatedLatency(ms)	1.367	Trials	17857
ElapsedTime(s)	11074	EstimatedLatency(ms)	1.366	Trials	17921
ElapsedTime(s)	11125	EstimatedLatency(ms)	1.366	Trials	17985
ElapsedTime(s)	11190	EstimatedLatency(ms)	1.366	Trials	18049
ElapsedTime(s)	11245	EstimatedLatency(ms)	1.366	Trials	18113
ElapsedTime(s)	11305	EstimatedLatency(ms)	1.366	Trials	18177
ElapsedTime(s)	11362	EstimatedLatency(ms)	1.366	Trials	18241
ElapsedTime(s)	11417	EstimatedLatency(ms)	1.366	Trials	18305
ElapsedTime(s)	11471	EstimatedLatency(ms)	1.366	Trials	18369
ElapsedTime(s)	11532	EstimatedLatency(ms)	1.365	Trials	18433
ElapsedTime(s)	11586	EstimatedLatency(ms)	1.365	Trials	18497
ElapsedTime(s)	11644	EstimatedLatency(ms)	1.364	Trials	18561
ElapsedTime(s)	11701	EstimatedLatency(ms)	1.364	Trials	18625
ElapsedTime(s)	11757	EstimatedLatency(ms)	1.364	Trials	18689
ElapsedTime(s)	11821	EstimatedLatency(ms)	1.364	Trials	18753
ElapsedTime(s)	11874	EstimatedLatency(ms)	1.364	Trials	18817
ElapsedTime(s)	11921	EstimatedLatency(ms)	1.364	Trials	18881
ElapsedTime(s)	11986	EstimatedLatency(ms)	1.364	Trials	18945
ElapsedTime(s)	12044	EstimatedLatency(ms)	1.364	Trials	19009
ElapsedTime(s)	12094	EstimatedLatency(ms)	1.364	Trials	19073
ElapsedTime(s)	12159	EstimatedLatency(ms)	1.364	Trials	19137
ElapsedTime(s)	12217	EstimatedLatency(ms)	1.364	Trials	19201
ElapsedTime(s)	12276	EstimatedLatency(ms)	1.363	Trials	19265
ElapsedTime(s)	12330	EstimatedLatency(ms)	1.363	Trials	19329
ElapsedTime(s)	12391	EstimatedLatency(ms)	1.363	Trials	19393
ElapsedTime(s)	12464	EstimatedLatency(ms)	1.362	Trials	19457
ElapsedTime(s)	12526	EstimatedLatency(ms)	1.362	Trials	19521
ElapsedTime(s)	12581	EstimatedLatency(ms)	1.362	Trials	19585
ElapsedTime(s)	12639	EstimatedLatency(ms)	1.362	Trials	19649
ElapsedTime(s)	12698	EstimatedLatency(ms)	1.362	Trials	19713
ElapsedTime(s)	12770	EstimatedLatency(ms)	1.362	Trials	19777
ElapsedTime(s)	12840	EstimatedLatency(ms)	1.362	Trials	19841
ElapsedTime(s)	12887	EstimatedLatency(ms)	1.362	Trials	19905
ElapsedTime(s)	12952	EstimatedLatency(ms)	1.357	Trials	19969
ElapsedTime(s)	13005	EstimatedLatency(ms)	1.357	Trials	20033
ElapsedTime(s)	13062	EstimatedLatency(ms)	1.357	Trials	20097
ElapsedTime(s)	13121	EstimatedLatency(ms)	1.356	Trials	20161
ElapsedTime(s)	13182	EstimatedLatency(ms)	1.356	Trials	20225
ElapsedTime(s)	13243	EstimatedLatency(ms)	1.356	Trials	20289
ElapsedTime(s)	13314	EstimatedLatency(ms)	1.356	Trials	20353
ElapsedTime(s)	13369	EstimatedLatency(ms)	1.356	Trials	20417
ElapsedTime(s)	13426	EstimatedLatency(ms)	1.355	Trials	20481
ElapsedTime(s)	13497	EstimatedLatency(ms)	1.355	Trials	20545
ElapsedTime(s)	13552	EstimatedLatency(ms)	1.355	Trials	20609
ElapsedTime(s)	13621	EstimatedLatency(ms)	1.355	Trials	20673
ElapsedTime(s)	13683	EstimatedLatency(ms)	1.355	Trials	20737
ElapsedTime(s)	13735	EstimatedLatency(ms)	1.355	Trials	20801
ElapsedTime(s)	13799	EstimatedLatency(ms)	1.355	Trials	20865
ElapsedTime(s)	13852	EstimatedLatency(ms)	1.355	Trials	20929
ElapsedTime(s)	13926	EstimatedLatency(ms)	1.354	Trials	20993
ElapsedTime(s)	13997	EstimatedLatency(ms)	1.354	Trials	21057
ElapsedTime(s)	14062	EstimatedLatency(ms)	1.354	Trials	21121
ElapsedTime(s)	14129	EstimatedLatency(ms)	1.354	Trials	21185
ElapsedTime(s)	14202	EstimatedLatency(ms)	1.354	Trials	21249
ElapsedTime(s)	14274	EstimatedLatency(ms)	1.354	Trials	21313
ElapsedTime(s)	14328	EstimatedLatency(ms)	1.354	Trials	21377
ElapsedTime(s)	14392	EstimatedLatency(ms)	1.354	Trials	21441
ElapsedTime(s)	14457	EstimatedLatency(ms)	1.354	Trials	21505
ElapsedTime(s)	14526	EstimatedLatency(ms)	1.354	Trials	21569
ElapsedTime(s)	14601	EstimatedLatency(ms)	1.354	Trials	21633
ElapsedTime(s)	14670	EstimatedLatency(ms)	1.354	Trials	21697
ElapsedTime(s)	14740	EstimatedLatency(ms)	1.354	Trials	21761
ElapsedTime(s)	14804	EstimatedLatency(ms)	1.354	Trials	21825
ElapsedTime(s)	14866	EstimatedLatency(ms)	1.354	Trials	21889
ElapsedTime(s)	14927	EstimatedLatency(ms)	1.354	Trials	21953
ElapsedTime(s)	15000	EstimatedLatency(ms)	1.354	Trials	22017
ElapsedTime(s)	15067	EstimatedLatency(ms)	1.354	Trials	22081
ElapsedTime(s)	15138	EstimatedLatency(ms)	1.354	Trials	22145
ElapsedTime(s)	15206	EstimatedLatency(ms)	1.354	Trials	22209
ElapsedTime(s)	15289	EstimatedLatency(ms)	1.354	Trials	22273
ElapsedTime(s)	15353	EstimatedLatency(ms)	1.354	Trials	22337
ElapsedTime(s)	15409	EstimatedLatency(ms)	1.354	Trials	22401
ElapsedTime(s)	15469	EstimatedLatency(ms)	1.354	Trials	22465
ElapsedTime(s)	15528	EstimatedLatency(ms)	1.354	Trials	22529
ElapsedTime(s)	15583	EstimatedLatency(ms)	1.354	Trials	22593
ElapsedTime(s)	15649	EstimatedLatency(ms)	1.354	Trials	22657
ElapsedTime(s)	15708	EstimatedLatency(ms)	1.354	Trials	22721
ElapsedTime(s)	15771	EstimatedLatency(ms)	1.354	Trials	22785
ElapsedTime(s)	15833	EstimatedLatency(ms)	1.353	Trials	22849
ElapsedTime(s)	15894	EstimatedLatency(ms)	1.353	Trials	22913
ElapsedTime(s)	15959	EstimatedLatency(ms)	1.353	Trials	22977
ElapsedTime(s)	16032	EstimatedLatency(ms)	1.353	Trials	23041
ElapsedTime(s)	16106	EstimatedLatency(ms)	1.353	Trials	23105
ElapsedTime(s)	16188	EstimatedLatency(ms)	1.353	Trials	23169
ElapsedTime(s)	16271	EstimatedLatency(ms)	1.353	Trials	23233
ElapsedTime(s)	16343	EstimatedLatency(ms)	1.353	Trials	23297
ElapsedTime(s)	16438	EstimatedLatency(ms)	1.353	Trials	23361
ElapsedTime(s)	16529	EstimatedLatency(ms)	1.353	Trials	23425
ElapsedTime(s)	16611	EstimatedLatency(ms)	1.353	Trials	23489
ElapsedTime(s)	16681	EstimatedLatency(ms)	1.353	Trials	23553
ElapsedTime(s)	16749	EstimatedLatency(ms)	1.353	Trials	23617
ElapsedTime(s)	16818	EstimatedLatency(ms)	1.353	Trials	23681
ElapsedTime(s)	16877	EstimatedLatency(ms)	1.352	Trials	23745
ElapsedTime(s)	16949	EstimatedLatency(ms)	1.352	Trials	23809
ElapsedTime(s)	17012	EstimatedLatency(ms)	1.352	Trials	23873
ElapsedTime(s)	17082	EstimatedLatency(ms)	1.352	Trials	23937
ElapsedTime(s)	17159	EstimatedLatency(ms)	1.352	Trials	24001
ElapsedTime(s)	17239	EstimatedLatency(ms)	1.352	Trials	24065
ElapsedTime(s)	17329	EstimatedLatency(ms)	1.352	Trials	24129
ElapsedTime(s)	17404	EstimatedLatency(ms)	1.352	Trials	24193
ElapsedTime(s)	17485	EstimatedLatency(ms)	1.352	Trials	24257
ElapsedTime(s)	17571	EstimatedLatency(ms)	1.352	Trials	24321
ElapsedTime(s)	17642	EstimatedLatency(ms)	1.352	Trials	24385
ElapsedTime(s)	17722	EstimatedLatency(ms)	1.352	Trials	24449
ElapsedTime(s)	17787	EstimatedLatency(ms)	1.352	Trials	24513
ElapsedTime(s)	17860	EstimatedLatency(ms)	1.351	Trials	24577
ElapsedTime(s)	17937	EstimatedLatency(ms)	1.351	Trials	24641
ElapsedTime(s)	18002	EstimatedLatency(ms)	1.351	Trials	24705
ElapsedTime(s)	18094	EstimatedLatency(ms)	1.351	Trials	24769
ElapsedTime(s)	18193	EstimatedLatency(ms)	1.351	Trials	24833
ElapsedTime(s)	18291	EstimatedLatency(ms)	1.351	Trials	24897
ElapsedTime(s)	18386	EstimatedLatency(ms)	1.351	Trials	24961
ElapsedTime(s)	18490	EstimatedLatency(ms)	1.351	Trials	25025
ElapsedTime(s)	18568	EstimatedLatency(ms)	1.351	Trials	25089
ElapsedTime(s)	18654	EstimatedLatency(ms)	1.351	Trials	25153
ElapsedTime(s)	18725	EstimatedLatency(ms)	1.351	Trials	25217
ElapsedTime(s)	18798	EstimatedLatency(ms)	1.351	Trials	25281
ElapsedTime(s)	18855	EstimatedLatency(ms)	1.351	Trials	25345
ElapsedTime(s)	18940	EstimatedLatency(ms)	1.350	Trials	25409
ElapsedTime(s)	19006	EstimatedLatency(ms)	1.350	Trials	25473
ElapsedTime(s)	19084	EstimatedLatency(ms)	1.350	Trials	25537
ElapsedTime(s)	19152	EstimatedLatency(ms)	1.350	Trials	25601
ElapsedTime(s)	19208	EstimatedLatency(ms)	1.349	Trials	25665
